UNITID,SURVSECT,PART,TENURE,RANK,RACEETHNICITYSEX,COUNT,ReviewStatus,ISMEDICAL,INSTFUNCTION,OCCCATEGORY1,OCCCATEGORY4,OCCCATEGORY3,OCCCATEGORY5,SEX,12mCount,11mCount,10mCount,9mCount,LessThan9mCount,TotalStaff,TotalStaffSalary,12mSoutlays,11mSoutlays,10mSoutlays,9mSoutlays,Equated_9mSoutlays,OCCCATEGORY2,SOUTLAYS
999999,HR1,A1,2,2,3,6,Generated from governed source mart,,,,,,,,,,,,,,,,,,,,,
999999,HR1,A1,3,3,5,5,Generated from governed source mart,,,,,,,,,,,,,,,,,,,,,
999999,HR1,A1,4,4,8,3,Generated from governed source mart,,,,,,,,,,,,,,,,,,,,,
999999,HR1,A1,1,5,9,6,Generated from governed source mart,,,,,,,,,,,,,,,,,,,,,
999999,HR1,A1,3,2,14,3,Generated from governed source mart,,,,,,,,,,,,,,,,,,,,,
999999,HR1,A1,4,3,15,6,Generated from governed source mart,,,,,,,,,,,,,,,,,,,,,
999999,HR1,A1,1,4,1,5,Generated from governed source mart,,,,,,,,,,,,,,,,,,,,,
999999,HR1,A1,2,5,4,3,Generated from governed source mart,,,,,,,,,,,,,,,,,,,,,
999999,HR1,A1,4,2,7,5,Generated from governed source mart,,,,,,,,,,,,,,,,,,,,,
999999,HR1,A1,1,3,10,3,Generated from governed source mart,,,,,,,,,,,,,,,,,,,,,
999999,HR1,A1,2,4,11,6,Generated from governed source mart,,,,,,,,,,,,,,,,,,,,,
999999,HR1,A1,3,5,13,5,Generated from governed source mart,,,,,,,,,,,,,,,,,,,,,
999999,HR1,A1,1,2,1,6,Generated from governed source mart,,,,,,,,,,,,,,,,,,,,,
999999,HR1,A1,2,3,3,5,Generated from governed source mart,,,,,,,,,,,,,,,,,,,,,
999999,HR1,A1,3,4,6,3,Generated from governed source mart,,,,,,,,,,,,,,,,,,,,,
999999,HR1,A1,4,5,7,6,Generated from governed source mart,,,,,,,,,,,,,,,,,,,,,
999999,HR1,A1,2,2,12,3,Generated from governed source mart,,,,,,,,,,,,,,,,,,,,,
999999,HR1,A1,3,3,13,6,Generated from governed source mart,,,,,,,,,,,,,,,,,,,,,
999999,HR1,A1,4,4,15,5,Generated from governed source mart,,,,,,,,,,,,,,,,,,,,,
999999,HR1,A1,1,5,2,3,Generated from governed source mart,,,,,,,,,,,,,,,,,,,,,
999999,HR1,A1,3,2,5,5,Generated from governed source mart,,,,,,,,,,,,,,,,,,,,,
999999,HR1,A1,4,3,8,3,Generated from governed source mart,,,,,,,,,,,,,,,,,,,,,
999999,HR1,A1,1,4,9,6,Generated from governed source mart,,,,,,,,,,,,,,,,,,,,,
999999,HR1,A1,2,5,11,5,Generated from governed source mart,,,,,,,,,,,,,,,,,,,,,
999999,HR1,A1,4,2,15,5,Generated from governed source mart,,,,,,,,,,,,,,,,,,,,,
999999,HR1,A1,1,3,1,5,Generated from governed source mart,,,,,,,,,,,,,,,,,,,,,
999999,HR1,A1,2,4,4,3,Generated from governed source mart,,,,,,,,,,,,,,,,,,,,,
999999,HR1,A1,3,5,5,5,Generated from governed source mart,,,,,,,,,,,,,,,,,,,,,
999999,HR1,A1,1,2,10,3,Generated from governed source mart,,,,,,,,,,,,,,,,,,,,,
999999,HR1,A1,2,3,11,5,Generated from governed source mart,,,,,,,,,,,,,,,,,,,,,
999999,HR1,A1,3,4,13,5,Generated from governed source mart,,,,,,,,,,,,,,,,,,,,,
999999,HR1,A1,4,5,16,3,Generated from governed source mart,,,,,,,,,,,,,,,,,,,,,
999999,HR1,A1,3,3,6,3,Generated from governed source mart,,,,,,,,,,,,,,,,,,,,,
999999,HR1,A1,4,4,7,5,Generated from governed source mart,,,,,,,,,,,,,,,,,,,,,
999999,HR1,A1,3,2,13,5,Generated from governed source mart,,,,,,,,,,,,,,,,,,,,,
999999,HR1,A1,1,4,2,3,Generated from governed source mart,,,,,,,,,,,,,,,,,,,,,
999999,HR1,A1,2,5,3,5,Generated from governed source mart,,,,,,,,,,,,,,,,,,,,,
999999,HR1,A1,4,2,8,3,Generated from governed source mart,,,,,,,,,,,,,,,,,,,,,
999999,HR1,A1,1,3,9,5,Generated from governed source mart,,,,,,,,,,,,,,,,,,,,,
999999,HR1,A1,3,5,14,3,Generated from governed source mart,,,,,,,,,,,,,,,,,,,,,
999999,HR1,A1,2,3,4,3,Generated from governed source mart,,,,,,,,,,,,,,,,,,,,,
999999,HR1,A1,3,4,5,5,Generated from governed source mart,,,,,,,,,,,,,,,,,,,,,
999999,HR1,A1,2,2,11,5,Generated from governed source mart,,,,,,,,,,,,,,,,,,,,,
999999,HR1,A1,4,4,16,3,Generated from governed source mart,,,,,,,,,,,,,,,,,,,,,
999999,HR1,A1,1,5,1,5,Generated from governed source mart,,,,,,,,,,,,,,,,,,,,,
999999,HR1,A1,3,2,6,3,Generated from governed source mart,,,,,,,,,,,,,,,,,,,,,
999999,HR1,A1,4,3,7,5,Generated from governed source mart,,,,,,,,,,,,,,,,,,,,,
999999,HR1,A1,2,5,12,3,Generated from governed source mart,,,,,,,,,,,,,,,,,,,,,
999999,HR1,A1,1,3,2,2,Generated from governed source mart,,,,,,,,,,,,,,,,,,,,,
999999,HR1,A1,2,4,3,4,Generated from governed source mart,,,,,,,,,,,,,,,,,,,,,
999999,HR1,A1,1,2,9,4,Generated from governed source mart,,,,,,,,,,,,,,,,,,,,,
999999,HR1,A1,3,4,14,2,Generated from governed source mart,,,,,,,,,,,,,,,,,,,,,
999999,HR1,A1,4,5,15,4,Generated from governed source mart,,,,,,,,,,,,,,,,,,,,,
999999,HR1,A1,2,2,4,2,Generated from governed source mart,,,,,,,,,,,,,,,,,,,,,
999999,HR1,A1,1,5,10,2,Generated from governed source mart,,,,,,,,,,,,,,,,,,,,,
999999,HR1,A1,4,3,16,2,Generated from governed source mart,,,,,,,,,,,,,,,,,,,,,
999999,HR1,A1,2,4,12,2,Generated from governed source mart,,,,,,,,,,,,,,,,,,,,,
999999,HR1,A1,1,2,2,2,Generated from governed source mart,,,,,,,,,,,,,,,,,,,,,
999999,HR1,A1,4,5,8,2,Generated from governed source mart,,,,,,,,,,,,,,,,,,,,,
999999,HR1,A1,3,3,14,2,Generated from governed source mart,,,,,,,,,,,,,,,,,,,,,
999999,HR1,A1,1,4,10,2,Generated from governed source mart,,,,,,,,,,,,,,,,,,,,,
999999,HR1,A1,4,2,16,2,Generated from governed source mart,,,,,,,,,,,,,,,,,,,,,
999999,HR1,A1,3,5,6,2,Generated from governed source mart,,,,,,,,,,,,,,,,,,,,,
999999,HR1,A1,2,3,12,2,Generated from governed source mart,,,,,,,,,,,,,,,,,,,,,
999999,HR1,A2,2,,,16,Generated from governed source mart,0,2,,,,,,,,,,,,,,,,,,,
999999,HR1,A2,3,,,16,Generated from governed source mart,0,3,,,,,,,,,,,,,,,,,,,
999999,HR1,A2,4,,,16,Generated from governed source mart,0,4,,,,,,,,,,,,,,,,,,,
999999,HR1,A2,1,,,16,Generated from governed source mart,0,5,,,,,,,,,,,,,,,,,,,
999999,HR1,A2,3,,,16,Generated from governed source mart,0,2,,,,,,,,,,,,,,,,,,,
999999,HR1,A2,4,,,16,Generated from governed source mart,0,3,,,,,,,,,,,,,,,,,,,
999999,HR1,A2,1,,,16,Generated from governed source mart,0,4,,,,,,,,,,,,,,,,,,,
999999,HR1,A2,2,,,16,Generated from governed source mart,0,5,,,,,,,,,,,,,,,,,,,
999999,HR1,A2,4,,,15,Generated from governed source mart,0,2,,,,,,,,,,,,,,,,,,,
999999,HR1,A2,1,,,15,Generated from governed source mart,0,3,,,,,,,,,,,,,,,,,,,
999999,HR1,A2,2,,,15,Generated from governed source mart,0,4,,,,,,,,,,,,,,,,,,,
999999,HR1,A2,3,,,15,Generated from governed source mart,0,5,,,,,,,,,,,,,,,,,,,
999999,HR1,A2,1,,,15,Generated from governed source mart,0,2,,,,,,,,,,,,,,,,,,,
999999,HR1,A2,2,,,15,Generated from governed source mart,0,3,,,,,,,,,,,,,,,,,,,
999999,HR1,A2,3,,,15,Generated from governed source mart,0,4,,,,,,,,,,,,,,,,,,,
999999,HR1,A2,4,,,15,Generated from governed source mart,0,5,,,,,,,,,,,,,,,,,,,
999999,HR1,B1,,,15,3,Generated from governed source mart,,,5,,,,,,,,,,,,,,,,,,
999999,HR1,B1,,,2,1,Generated from governed source mart,,,6,,,,,,,,,,,,,,,,,,
999999,HR1,B1,,,3,2,Generated from governed source mart,,,7,,,,,,,,,,,,,,,,,,
999999,HR1,B1,,,5,3,Generated from governed source mart,,,8,,,,,,,,,,,,,,,,,,
999999,HR1,B1,,,9,3,Generated from governed source mart,,,3,,,,,,,,,,,,,,,,,,
999999,HR1,B1,,,11,2,Generated from governed source mart,,,4,,,,,,,,,,,,,,,,,,
999999,HR1,B1,,,14,2,Generated from governed source mart,,,5,,,,,,,,,,,,,,,,,,
999999,HR1,B1,,,15,3,Generated from governed source mart,,,6,,,,,,,,,,,,,,,,,,
999999,HR1,B1,,,4,2,Generated from governed source mart,,,8,,,,,,,,,,,,,,,,,,
999999,HR1,B1,,,5,2,Generated from governed source mart,,,2,,,,,,,,,,,,,,,,,,
999999,HR1,B1,,,7,3,Generated from governed source mart,,,3,,,,,,,,,,,,,,,,,,
999999,HR1,B1,,,10,2,Generated from governed source mart,,,4,,,,,,,,,,,,,,,,,,
999999,HR1,B1,,,13,3,Generated from governed source mart,,,6,,,,,,,,,,,,,,,,,,
999999,HR1,B1,,,16,1,Generated from governed source mart,,,7,,,,,,,,,,,,,,,,,,
999999,HR1,B1,,,1,2,Generated from governed source mart,,,8,,,,,,,,,,,,,,,,,,
999999,HR1,B1,,,3,2,Generated from governed source mart,,,2,,,,,,,,,,,,,,,,,,
999999,HR1,B1,,,7,3,Generated from governed source mart,,,4,,,,,,,,,,,,,,,,,,
999999,HR1,B1,,,9,2,Generated from governed source mart,,,5,,,,,,,,,,,,,,,,,,
999999,HR1,B1,,,12,2,Generated from governed source mart,,,6,,,,,,,,,,,,,,,,,,
999999,HR1,B1,,,13,3,Generated from governed source mart,,,7,,,,,,,,,,,,,,,,,,
999999,HR1,B1,,,2,2,Generated from governed source mart,,,2,,,,,,,,,,,,,,,,,,
999999,HR1,B1,,,3,2,Generated from governed source mart,,,3,,,,,,,,,,,,,,,,,,
999999,HR1,B1,,,5,3,Generated from governed source mart,,,4,,,,,,,,,,,,,,,,,,
999999,HR1,B1,,,8,2,Generated from governed source mart,,,5,,,,,,,,,,,,,,,,,,
999999,HR1,B1,,,11,3,Generated from governed source mart,,,7,,,,,,,,,,,,,,,,,,
999999,HR1,B1,,,14,1,Generated from governed source mart,,,8,,,,,,,,,,,,,,,,,,
999999,HR1,B1,,,15,2,Generated from governed source mart,,,2,,,,,,,,,,,,,,,,,,
999999,HR1,B1,,,1,2,Generated from governed source mart,,,3,,,,,,,,,,,,,,,,,,
999999,HR1,B1,,,5,3,Generated from governed source mart,,,5,,,,,,,,,,,,,,,,,,
999999,HR1,B1,,,7,2,Generated from governed source mart,,,6,,,,,,,,,,,,,,,,,,
999999,HR1,B1,,,10,2,Generated from governed source mart,,,7,,,,,,,,,,,,,,,,,,
999999,HR1,B1,,,11,3,Generated from governed source mart,,,8,,,,,,,,,,,,,,,,,,
999999,HR1,B1,,,16,2,Generated from governed source mart,,,3,,,,,,,,,,,,,,,,,,
999999,HR1,B1,,,1,2,Generated from governed source mart,,,4,,,,,,,,,,,,,,,,,,
999999,HR1,B1,,,3,3,Generated from governed source mart,,,5,,,,,,,,,,,,,,,,,,
999999,HR1,B1,,,6,2,Generated from governed source mart,,,6,,,,,,,,,,,,,,,,,,
999999,HR1,B1,,,9,3,Generated from governed source mart,,,8,,,,,,,,,,,,,,,,,,
999999,HR1,B1,,,12,1,Generated from governed source mart,,,2,,,,,,,,,,,,,,,,,,
999999,HR1,B1,,,13,2,Generated from governed source mart,,,3,,,,,,,,,,,,,,,,,,
999999,HR1,B1,,,15,2,Generated from governed source mart,,,4,,,,,,,,,,,,,,,,,,
999999,HR1,B1,,,3,3,Generated from governed source mart,,,6,,,,,,,,,,,,,,,,,,
999999,HR1,B1,,,5,2,Generated from governed source mart,,,7,,,,,,,,,,,,,,,,,,
999999,HR1,B1,,,8,2,Generated from governed source mart,,,8,,,,,,,,,,,,,,,,,,
999999,HR1,B1,,,9,3,Generated from governed source mart,,,2,,,,,,,,,,,,,,,,,,
999999,HR1,B1,,,14,2,Generated from governed source mart,,,4,,,,,,,,,,,,,,,,,,
999999,HR1,B1,,,1,3,Generated from governed source mart,,,6,,,,,,,,,,,,,,,,,,
999999,HR1,B1,,,4,2,Generated from governed source mart,,,7,,,,,,,,,,,,,,,,,,
999999,HR1,B1,,,7,3,Generated from governed source mart,,,2,,,,,,,,,,,,,,,,,,
999999,HR1,B1,,,10,1,Generated from governed source mart,,,3,,,,,,,,,,,,,,,,,,
999999,HR1,B1,,,13,1,Generated from governed source mart,,,5,,,,,,,,,,,,,,,,,,
999999,HR1,B1,,,1,2,Generated from governed source mart,,,7,,,,,,,,,,,,,,,,,,
999999,HR1,B1,,,3,2,Generated from governed source mart,,,8,,,,,,,,,,,,,,,,,,
999999,HR1,B1,,,6,1,Generated from governed source mart,,,2,,,,,,,,,,,,,,,,,,
999999,HR1,B1,,,12,1,Generated from governed source mart,,,5,,,,,,,,,,,,,,,,,,
999999,HR1,B1,,,15,2,Generated from governed source mart,,,7,,,,,,,,,,,,,,,,,,
999999,HR1,B1,,,2,1,Generated from governed source mart,,,8,,,,,,,,,,,,,,,,,,
999999,HR1,B1,,,5,2,Generated from governed source mart,,,3,,,,,,,,,,,,,,,,,,
999999,HR1,B1,,,8,1,Generated from governed source mart,,,4,,,,,,,,,,,,,,,,,,
999999,HR1,B1,,,11,1,Generated from governed source mart,,,6,,,,,,,,,,,,,,,,,,
999999,HR1,B1,,,15,2,Generated from governed source mart,,,8,,,,,,,,,,,,,,,,,,
999999,HR1,B1,,,1,2,Generated from governed source mart,,,2,,,,,,,,,,,,,,,,,,
999999,HR1,B1,,,4,1,Generated from governed source mart,,,3,,,,,,,,,,,,,,,,,,
999999,HR1,B1,,,10,1,Generated from governed source mart,,,6,,,,,,,,,,,,,,,,,,
999999,HR1,B1,,,13,2,Generated from governed source mart,,,8,,,,,,,,,,,,,,,,,,
999999,HR1,B1,,,16,1,Generated from governed source mart,,,2,,,,,,,,,,,,,,,,,,
999999,HR1,B1,,,3,2,Generated from governed source mart,,,4,,,,,,,,,,,,,,,,,,
999999,HR1,B1,,,6,1,Generated from governed source mart,,,5,,,,,,,,,,,,,,,,,,
999999,HR1,B1,,,9,1,Generated from governed source mart,,,7,,,,,,,,,,,,,,,,,,
999999,HR1,B1,,,13,2,Generated from governed source mart,,,2,,,,,,,,,,,,,,,,,,
999999,HR1,B1,,,15,2,Generated from governed source mart,,,3,,,,,,,,,,,,,,,,,,
999999,HR1,B1,,,2,1,Generated from governed source mart,,,4,,,,,,,,,,,,,,,,,,
999999,HR1,B1,,,8,1,Generated from governed source mart,,,7,,,,,,,,,,,,,,,,,,
999999,HR1,B1,,,11,2,Generated from governed source mart,,,2,,,,,,,,,,,,,,,,,,
999999,HR1,B1,,,14,1,Generated from governed source mart,,,3,,,,,,,,,,,,,,,,,,
999999,HR1,B1,,,1,2,Generated from governed source mart,,,5,,,,,,,,,,,,,,,,,,
999999,HR1,B1,,,4,1,Generated from governed source mart,,,6,,,,,,,,,,,,,,,,,,
999999,HR1,B1,,,7,1,Generated from governed source mart,,,8,,,,,,,,,,,,,,,,,,
999999,HR1,B1,,,11,2,Generated from governed source mart,,,3,,,,,,,,,,,,,,,,,,
999999,HR1,B1,,,13,2,Generated from governed source mart,,,4,,,,,,,,,,,,,,,,,,
999999,HR1,B1,,,16,1,Generated from governed source mart,,,5,,,,,,,,,,,,,,,,,,
999999,HR1,B1,,,6,1,Generated from governed source mart,,,8,,,,,,,,,,,,,,,,,,
999999,HR1,B1,,,12,1,Generated from governed source mart,,,4,,,,,,,,,,,,,,,,,,
999999,HR1,B1,,,2,1,Generated from governed source mart,,,7,,,,,,,,,,,,,,,,,,
999999,HR1,B1,,,9,1,Generated from governed source mart,,,4,,,,,,,,,,,,,,,,,,
999999,HR1,B1,,,11,2,Generated from governed source mart,,,5,,,,,,,,,,,,,,,,,,
999999,HR1,B1,,,14,1,Generated from governed source mart,,,6,,,,,,,,,,,,,,,,,,
999999,HR1,B1,,,4,1,Generated from governed source mart,,,2,,,,,,,,,,,,,,,,,,
999999,HR1,B1,,,10,1,Generated from governed source mart,,,5,,,,,,,,,,,,,,,,,,
999999,HR1,B1,,,16,1,Generated from governed source mart,,,8,,,,,,,,,,,,,,,,,,
999999,HR1,B1,,,7,1,Generated from governed source mart,,,5,,,,,,,,,,,,,,,,,,
999999,HR1,B1,,,9,2,Generated from governed source mart,,,6,,,,,,,,,,,,,,,,,,
999999,HR1,B1,,,12,1,Generated from governed source mart,,,7,,,,,,,,,,,,,,,,,,
999999,HR1,B1,,,2,1,Generated from governed source mart,,,3,,,,,,,,,,,,,,,,,,
999999,HR1,B1,,,8,1,Generated from governed source mart,,,6,,,,,,,,,,,,,,,,,,
999999,HR1,B1,,,14,1,Generated from governed source mart,,,2,,,,,,,,,,,,,,,,,,
999999,HR1,B1,,,5,1,Generated from governed source mart,,,6,,,,,,,,,,,,,,,,,,
999999,HR1,B1,,,7,2,Generated from governed source mart,,,7,,,,,,,,,,,,,,,,,,
999999,HR1,B1,,,10,1,Generated from governed source mart,,,8,,,,,,,,,,,,,,,,,,
999999,HR1,B1,,,16,1,Generated from governed source mart,,,4,,,,,,,,,,,,,,,,,,
999999,HR1,B1,,,6,1,Generated from governed source mart,,,7,,,,,,,,,,,,,,,,,,
999999,HR1,B1,,,12,1,Generated from governed source mart,,,3,,,,,,,,,,,,,,,,,,
999999,HR1,B1,,,8,1,Generated from governed source mart,,,2,,,,,,,,,,,,,,,,,,
999999,HR1,B1,,,6,1,Generated from governed source mart,,,3,,,,,,,,,,,,,,,,,,
999999,HR1,B1,,,4,1,Generated from governed source mart,,,4,,,,,,,,,,,,,,,,,,
999999,HR1,B1,,,2,1,Generated from governed source mart,,,5,,,,,,,,,,,,,,,,,,
999999,HR1,B2,3,,,26,Generated from governed source mart,0,,5,,,,,,,,,,,,,,,,,,
999999,HR1,B2,3,,,27,Generated from governed source mart,0,,6,,,,,,,,,,,,,,,,,,
999999,HR1,B2,3,,,26,Generated from governed source mart,0,,7,,,,,,,,,,,,,,,,,,
999999,HR1,B2,3,,,27,Generated from governed source mart,0,,8,,,,,,,,,,,,,,,,,,
999999,HR1,B2,3,,,26,Generated from governed source mart,0,,3,,,,,,,,,,,,,,,,,,
999999,HR1,B2,3,,,26,Generated from governed source mart,0,,4,,,,,,,,,,,,,,,,,,
999999,HR1,B2,3,,,26,Generated from governed source mart,0,,2,,,,,,,,,,,,,,,,,,
999999,HR1,D1,,,11,5,Generated from governed source mart,,,1,,,,,,,,,,,,,,,,,,
999999,HR1,D1,,,5,6,Generated from governed source mart,,,1,,,,,,,,,,,,,,,,,,
999999,HR1,D1,,,16,3,Generated from governed source mart,,,1,,,,,,,,,,,,,,,,,,
999999,HR1,D1,,,9,4,Generated from governed source mart,,,1,,,,,,,,,,,,,,,,,,
999999,HR1,D1,,,3,6,Generated from governed source mart,,,1,,,,,,,,,,,,,,,,,,
999999,HR1,D1,,,14,3,Generated from governed source mart,,,1,,,,,,,,,,,,,,,,,,
999999,HR1,D1,,,7,4,Generated from governed source mart,,,1,,,,,,,,,,,,,,,,,,
999999,HR1,D1,,,1,5,Generated from governed source mart,,,1,,,,,,,,,,,,,,,,,,
999999,HR1,D1,,,12,2,Generated from governed source mart,,,1,,,,,,,,,,,,,,,,,,
999999,HR1,D1,,,10,3,Generated from governed source mart,,,1,,,,,,,,,,,,,,,,,,
999999,HR1,D1,,,13,3,Generated from governed source mart,,,1,,,,,,,,,,,,,,,,,,
999999,HR1,D1,,,8,2,Generated from governed source mart,,,1,,,,,,,,,,,,,,,,,,
999999,HR1,D1,,,6,2,Generated from governed source mart,,,1,,,,,,,,,,,,,,,,,,
999999,HR1,D1,,,15,4,Generated from governed source mart,,,1,,,,,,,,,,,,,,,,,,
999999,HR1,D1,,,4,2,Generated from governed source mart,,,1,,,,,,,,,,,,,,,,,,
999999,HR1,D1,,,2,2,Generated from governed source mart,,,1,,,,,,,,,,,,,,,,,,
999999,HR1,D1,,,13,1,Generated from governed source mart,,,4,,,,,,,,,,,,,,,,,,
999999,HR1,D1,,,8,1,Generated from governed source mart,,,2,,,,,,,,,,,,,,,,,,
999999,HR1,D1,,,1,1,Generated from governed source mart,,,7,,,,,,,,,,,,,,,,,,
999999,HR1,D1,,,11,1,Generated from governed source mart,,,5,,,,,,,,,,,,,,,,,,
999999,HR1,D1,,,15,1,Generated from governed source mart,,,8,,,,,,,,,,,,,,,,,,
999999,HR1,D1,,,9,1,Generated from governed source mart,,,6,,,,,,,,,,,,,,,,,,
999999,HR1,D1,,,4,1,Generated from governed source mart,,,4,,,,,,,,,,,,,,,,,,
999999,HR1,D1,,,13,1,Generated from governed source mart,,,2,,,,,,,,,,,,,,,,,,
999999,HR1,D1,,,7,1,Generated from governed source mart,,,7,,,,,,,,,,,,,,,,,,
999999,HR1,D1,,,2,1,Generated from governed source mart,,,5,,,,,,,,,,,,,,,,,,
999999,HR1,D1,,,11,1,Generated from governed source mart,,,3,,,,,,,,,,,,,,,,,,
999999,HR1,D1,,,5,1,Generated from governed source mart,,,8,,,,,,,,,,,,,,,,,,
999999,HR1,D1,,,16,1,Generated from governed source mart,,,6,,,,,,,,,,,,,,,,,,
999999,HR1,D1,,,9,1,Generated from governed source mart,,,4,,,,,,,,,,,,,,,,,,
999999,HR1,D1,,,14,1,Generated from governed source mart,,,7,,,,,,,,,,,,,,,,,,
999999,HR1,D1,,,7,1,Generated from governed source mart,,,5,,,,,,,,,,,,,,,,,,
999999,HR1,D1,,,1,1,Generated from governed source mart,,,3,,,,,,,,,,,,,,,,,,
999999,HR1,D1,,,12,1,Generated from governed source mart,,,8,,,,,,,,,,,,,,,,,,
999999,HR1,D1,,,5,1,Generated from governed source mart,,,6,,,,,,,,,,,,,,,,,,
999999,HR1,D1,,,15,1,Generated from governed source mart,,,4,,,,,,,,,,,,,,,,,,
999999,HR1,D1,,,10,1,Generated from governed source mart,,,2,,,,,,,,,,,,,,,,,,
999999,HR1,D1,,,3,1,Generated from governed source mart,,,7,,,,,,,,,,,,,,,,,,
999999,HR1,D1,,,13,1,Generated from governed source mart,,,5,,,,,,,,,,,,,,,,,,
999999,HR1,D1,,,8,1,Generated from governed source mart,,,3,,,,,,,,,,,,,,,,,,
999999,HR1,D1,,,11,1,Generated from governed source mart,,,6,,,,,,,,,,,,,,,,,,
999999,HR1,D1,,,6,1,Generated from governed source mart,,,4,,,,,,,,,,,,,,,,,,
999999,HR1,D1,,,15,1,Generated from governed source mart,,,2,,,,,,,,,,,,,,,,,,
999999,HR1,D1,,,9,1,Generated from governed source mart,,,7,,,,,,,,,,,,,,,,,,
999999,HR1,D1,,,4,1,Generated from governed source mart,,,5,,,,,,,,,,,,,,,,,,
999999,HR1,D1,,,13,1,Generated from governed source mart,,,3,,,,,,,,,,,,,,,,,,
999999,HR1,D1,,,7,1,Generated from governed source mart,,,8,,,,,,,,,,,,,,,,,,
999999,HR1,D1,,,2,1,Generated from governed source mart,,,6,,,,,,,,,,,,,,,,,,
999999,HR1,D1,,,11,1,Generated from governed source mart,,,4,,,,,,,,,,,,,,,,,,
999999,HR1,D1,,,5,1,Generated from governed source mart,,,2,,,,,,,,,,,,,,,,,,
999999,HR1,D1,,,9,1,Generated from governed source mart,,,5,,,,,,,,,,,,,,,,,,
999999,HR1,D1,,,3,1,Generated from governed source mart,,,3,,,,,,,,,,,,,,,,,,
999999,HR1,D1,,,14,1,Generated from governed source mart,,,8,,,,,,,,,,,,,,,,,,
999999,HR1,D1,,,7,1,Generated from governed source mart,,,6,,,,,,,,,,,,,,,,,,
999999,HR1,D1,,,1,1,Generated from governed source mart,,,4,,,,,,,,,,,,,,,,,,
999999,HR1,D1,,,12,1,Generated from governed source mart,,,2,,,,,,,,,,,,,,,,,,
999999,HR1,D1,,,5,1,Generated from governed source mart,,,7,,,,,,,,,,,,,,,,,,
999999,HR1,D1,,,15,1,Generated from governed source mart,,,5,,,,,,,,,,,,,,,,,,
999999,HR1,D2,,,2,1,Generated from governed source mart,,,,1,,,,,,,,,,,,,,,,,
999999,HR1,D2,,,15,1,Generated from governed source mart,,,,2,,,,,,,,,,,,,,,,,
999999,HR1,D2,,,13,1,Generated from governed source mart,,,,3,,,,,,,,,,,,,,,,,
999999,HR1,D2,,,12,1,Generated from governed source mart,,,,1,,,,,,,,,,,,,,,,,
999999,HR1,D2,,,9,1,Generated from governed source mart,,,,2,,,,,,,,,,,,,,,,,
999999,HR1,D2,,,7,1,Generated from governed source mart,,,,3,,,,,,,,,,,,,,,,,
999999,HR1,D2,,,6,1,Generated from governed source mart,,,,1,,,,,,,,,,,,,,,,,
999999,HR1,D2,,,3,1,Generated from governed source mart,,,,2,,,,,,,,,,,,,,,,,
999999,HR1,D2,,,1,1,Generated from governed source mart,,,,3,,,,,,,,,,,,,,,,,
999999,HR1,D2,,,16,1,Generated from governed source mart,,,,1,,,,,,,,,,,,,,,,,
999999,HR1,D3,2,,,15,Generated from governed source mart,0,,,,1,,,,,,,,,,,,,,,,
999999,HR1,D3,3,,,14,Generated from governed source mart,0,,,,1,,,,,,,,,,,,,,,,
999999,HR1,D3,4,,,13,Generated from governed source mart,0,,,,1,,,,,,,,,,,,,,,,
999999,HR1,D3,1,,,14,Generated from governed source mart,0,,,,1,,,,,,,,,,,,,,,,
999999,HR1,D3,3,,,7,Generated from governed source mart,0,,,,4,,,,,,,,,,,,,,,,
999999,HR1,D3,3,,,6,Generated from governed source mart,0,,,,2,,,,,,,,,,,,,,,,
999999,HR1,D3,3,,,6,Generated from governed source mart,0,,,,7,,,,,,,,,,,,,,,,
999999,HR1,D3,3,,,7,Generated from governed source mart,0,,,,5,,,,,,,,,,,,,,,,
999999,HR1,D3,3,,,5,Generated from governed source mart,0,,,,8,,,,,,,,,,,,,,,,
999999,HR1,D3,3,,,6,Generated from governed source mart,0,,,,6,,,,,,,,,,,,,,,,
999999,HR1,D3,3,,,5,Generated from governed source mart,0,,,,3,,,,,,,,,,,,,,,,
999999,HR1,H1,2,,3,2,Generated from governed source mart,,,,,,,,,,,,,,,,,,,,,
999999,HR1,H1,3,,5,1,Generated from governed source mart,,,,,,,,,,,,,,,,,,,,,
999999,HR1,H1,4,,8,1,Generated from governed source mart,,,,,,,,,,,,,,,,,,,,,
999999,HR1,H1,1,,9,1,Generated from governed source mart,,,,,,,,,,,,,,,,,,,,,
999999,HR1,H1,3,,14,1,Generated from governed source mart,,,,,,,,,,,,,,,,,,,,,
999999,HR1,H1,4,,15,1,Generated from governed source mart,,,,,,,,,,,,,,,,,,,,,
999999,HR1,H1,1,,1,2,Generated from governed source mart,,,,,,,,,,,,,,,,,,,,,
999999,HR1,H1,2,,4,1,Generated from governed source mart,,,,,,,,,,,,,,,,,,,,,
999999,HR1,H1,4,,7,1,Generated from governed source mart,,,,,,,,,,,,,,,,,,,,,
999999,HR1,H1,1,,10,1,Generated from governed source mart,,,,,,,,,,,,,,,,,,,,,
999999,HR1,H1,2,,11,1,Generated from governed source mart,,,,,,,,,,,,,,,,,,,,,
999999,HR1,H1,3,,13,1,Generated from governed source mart,,,,,,,,,,,,,,,,,,,,,
999999,HR1,H1,3,,6,1,Generated from governed source mart,,,,,,,,,,,,,,,,,,,,,
999999,HR1,H2,,,2,1,Generated from governed source mart,,,,,,1,,,,,,,,,,,,,,,
999999,HR1,H2,,,3,2,Generated from governed source mart,,,,,,1,,,,,,,,,,,,,,,
999999,HR1,H2,,,5,2,Generated from governed source mart,,,,,,1,,,,,,,,,,,,,,,
999999,HR1,H2,,,8,1,Generated from governed source mart,,,,,,1,,,,,,,,,,,,,,,
999999,HR1,H2,,,9,1,Generated from governed source mart,,,,,,1,,,,,,,,,,,,,,,
999999,HR1,H2,,,11,2,Generated from governed source mart,,,,,,1,,,,,,,,,,,,,,,
999999,HR1,H2,,,14,1,Generated from governed source mart,,,,,,1,,,,,,,,,,,,,,,
999999,HR1,H2,,,15,1,Generated from governed source mart,,,,,,1,,,,,,,,,,,,,,,
999999,HR1,H2,,,1,2,Generated from governed source mart,,,,,,1,,,,,,,,,,,,,,,
999999,HR1,H2,,,4,1,Generated from governed source mart,,,,,,1,,,,,,,,,,,,,,,
999999,HR1,H2,,,7,1,Generated from governed source mart,,,,,,1,,,,,,,,,,,,,,,
999999,HR1,H2,,,10,1,Generated from governed source mart,,,,,,1,,,,,,,,,,,,,,,
999999,HR1,H2,,,13,1,Generated from governed source mart,,,,,,1,,,,,,,,,,,,,,,
999999,HR1,H2,,,16,1,Generated from governed source mart,,,,,,1,,,,,,,,,,,,,,,
999999,HR1,H2,,,6,1,Generated from governed source mart,,,,,,1,,,,,,,,,,,,,,,
999999,HR1,H2,,,7,1,Generated from governed source mart,,,,,,3,,,,,,,,,,,,,,,
999999,HR1,H2,,,9,1,Generated from governed source mart,,,,,,6,,,,,,,,,,,,,,,
999999,HR1,H2,,,12,1,Generated from governed source mart,,,,,,2,,,,,,,,,,,,,,,
999999,HR1,H2,,,13,1,Generated from governed source mart,,,,,,5,,,,,,,,,,,,,,,
999999,HR1,H2,,,15,1,Generated from governed source mart,,,,,,8,,,,,,,,,,,,,,,
999999,HR1,H2,,,2,1,Generated from governed source mart,,,,,,4,,,,,,,,,,,,,,,
999999,HR1,H2,,,3,1,Generated from governed source mart,,,,,,7,,,,,,,,,,,,,,,
999999,HR1,H2,,,5,1,Generated from governed source mart,,,,,,3,,,,,,,,,,,,,,,
999999,HR1,H2,,,8,1,Generated from governed source mart,,,,,,6,,,,,,,,,,,,,,,
999999,HR1,H2,,,9,1,Generated from governed source mart,,,,,,2,,,,,,,,,,,,,,,
999999,HR1,H2,,,11,1,Generated from governed source mart,,,,,,5,,,,,,,,,,,,,,,
999999,HR1,H2,,,14,1,Generated from governed source mart,,,,,,8,,,,,,,,,,,,,,,
999999,HR1,H2,,,15,1,Generated from governed source mart,,,,,,4,,,,,,,,,,,,,,,
999999,HR1,G1,,2,,,Generated from governed source mart,,,,,,,1,10,11,10,10,0,41,3436800,857600,901200,857600,820400,2577600,,
999999,HR1,G1,,2,,,Generated from governed source mart,,,,,,,2,5,5,6,5,0,21,1566600,373000,354400,447600,391600,1174950,,
999999,HR1,G1,,3,,,Generated from governed source mart,,,,,,,1,10,10,11,11,0,42,3523800,839000,857600,907400,919800,2642850,,
999999,HR1,G1,,3,,,Generated from governed source mart,,,,,,,2,5,5,5,5,0,20,1473400,354400,354400,391600,373000,1105050,,
999999,HR1,G1,,4,,,Generated from governed source mart,,,,,,,1,11,10,10,10,0,41,3424400,926000,839000,820400,839000,2568300,,
999999,HR1,G1,,4,,,Generated from governed source mart,,,,,,,2,5,5,5,6,0,21,1566600,354400,391600,373000,447600,1174950,,
999999,HR1,G1,,5,,,Generated from governed source mart,,,,,,,1,11,10,10,10,0,41,3418200,938400,820400,839000,820400,2563650,,
999999,HR1,G1,,5,,,Generated from governed source mart,,,,,,,2,5,6,5,5,0,21,1566600,391600,447600,373000,354400,1174950,,
999999,HR1,G2,,,,,Generated from governed source mart,,,,,,,,,,,,,,,,,,,,5,2100800
999999,HR1,G2,,,,,Generated from governed source mart,,,,,,,,,,,,,,,,,,,,6,2163000
999999,HR1,G2,,,,,Generated from governed source mart,,,,,,,,,,,,,,,,,,,,7,2169000
999999,HR1,G2,,,,,Generated from governed source mart,,,,,,,,,,,,,,,,,,,,8,2200200
999999,HR1,G2,,,,,Generated from governed source mart,,,,,,,,,,,,,,,,,,,,3,2125600
999999,HR1,G2,,,,,Generated from governed source mart,,,,,,,,,,,,,,,,,,,,4,2100800
999999,HR1,G2,,,,,Generated from governed source mart,,,,,,,,,,,,,,,,,,,,2,2069800
