completion_id,student_id,program_id,award_date,reporting_year
C000001,S0036326,PBA,2025-05-17,2025
C000002,S0028540,PBA,2025-05-17,2025
C000003,S0031440,PBA,2025-05-17,2025
C000004,S0037958,PBA,2025-05-17,2025
C000005,S0032581,PBA,2025-05-17,2025
C000006,S0019060,PBA,2025-05-17,2025
C000007,S0004650,PBA,2025-05-17,2025
C000008,S0037020,PBA,2025-05-17,2025
C000009,S0038412,PBA,2025-05-17,2025
C000010,S0010379,PBA,2025-05-17,2025
C000011,S0040082,PBA,2025-05-17,2025
C000012,S0038857,PBA,2025-05-17,2025
C000013,S0038722,PBA,2025-05-17,2025
C000014,S0028537,PBA,2025-05-17,2025
C000015,S0032374,PBA,2025-05-17,2025
C000016,S0021118,PBA,2025-05-17,2025
C000017,S0035410,PBA,2025-05-17,2025
C000018,S0015482,PBA,2025-05-17,2025
C000019,S0022477,PBA,2025-05-17,2025
C000020,S0033854,PBA,2025-05-17,2025
C000021,S0038761,PBA,2025-05-17,2025
C000022,S0003916,PBA,2025-05-17,2025
C000023,S0016741,PBA,2025-05-17,2025
C000024,S0018008,PBA,2025-05-17,2025
C000025,S0029110,PBA,2025-05-17,2025
C000026,S0033326,PBA,2025-05-17,2025
C000027,S0038853,PBA,2025-05-17,2025
C000028,S0027719,PBA,2025-05-17,2025
C000029,S0019538,PBA,2025-05-17,2025
C000030,S0037566,PBA,2025-05-17,2025
C000031,S0028206,PBA,2025-05-17,2025
C000032,S0009434,PBA,2025-05-17,2025
C000033,S0000507,PBA,2025-05-17,2025
C000034,S0031796,PBA,2025-05-17,2025
C000035,S0028518,PBA,2025-05-17,2025
C000036,S0039066,PBA,2025-05-17,2025
C000037,S0037893,PBA,2025-05-17,2025
C000038,S0029547,PBA,2025-05-17,2025
C000039,S0026301,PBA,2025-05-17,2025
C000040,S0032926,PBA,2025-05-17,2025
C000041,S0012601,PBA,2025-05-17,2025
C000042,S0039081,PBA,2025-05-17,2025
C000043,S0039955,PBA,2025-05-17,2025
C000044,S0023240,PBA,2025-05-17,2025
C000045,S0036532,PBA,2025-05-17,2025
C000046,S0028094,PBA,2025-05-17,2025
C000047,S0036908,PBA,2025-05-17,2025
C000048,S0036982,PBA,2025-05-17,2025
C000049,S0026846,PBA,2025-05-17,2025
C000050,S0002066,PBA,2025-05-17,2025
C000051,S0021813,PBA,2025-05-17,2025
C000052,S0033237,PBA,2025-05-17,2025
C000053,S0027603,PBA,2025-05-17,2025
C000054,S0033545,PBA,2025-05-17,2025
C000055,S0039564,PBA,2025-05-17,2025
C000056,S0032055,PBA,2025-05-17,2025
C000057,S0003389,PBA,2025-05-17,2025
C000058,S0040515,PBA,2025-05-17,2025
C000059,S0022722,PBA,2025-05-17,2025
C000060,S0038637,PBA,2025-05-17,2025
C000061,S0028594,PBA,2025-05-17,2025
C000062,S0037922,PBA,2025-05-17,2025
C000063,S0027819,PBA,2025-05-17,2025
C000064,S0015122,PBA,2025-05-17,2025
C000065,S0033285,PBA,2025-05-17,2025
C000066,S0039717,PBA,2025-05-17,2025
C000067,S0001297,PBA,2025-05-17,2025
C000068,S0001692,PBA,2025-05-17,2025
C000069,S0012031,PBA,2025-05-17,2025
C000070,S0003084,PBA,2025-05-17,2025
C000071,S0012763,PBA,2025-05-17,2025
C000072,S0036052,PBA,2025-05-17,2025
C000073,S0025665,PCS,2025-05-17,2025
C000074,S0040247,PCS,2025-05-17,2025
C000075,S0023768,PCS,2025-05-17,2025
C000076,S0021062,PCS,2025-05-17,2025
C000077,S0035979,PCS,2025-05-17,2025
C000078,S0030823,PCS,2025-05-17,2025
C000079,S0022947,PCS,2025-05-17,2025
C000080,S0020980,PCS,2025-05-17,2025
C000081,S0035205,PCS,2025-05-17,2025
C000082,S0007353,PCS,2025-05-17,2025
C000083,S0030850,PCS,2025-05-17,2025
C000084,S0021393,PCS,2025-05-17,2025
C000085,S0033113,PCS,2025-05-17,2025
C000086,S0026136,PCS,2025-05-17,2025
C000087,S0026679,PCS,2025-05-17,2025
C000088,S0019167,PCS,2025-05-17,2025
C000089,S0009448,PCS,2025-05-17,2025
C000090,S0036446,PCS,2025-05-17,2025
C000091,S0023503,PCS,2025-05-17,2025
C000092,S0021899,PCS,2025-05-17,2025
C000093,S0023602,PCS,2025-05-17,2025
C000094,S0037722,PCS,2025-05-17,2025
C000095,S0029135,PCS,2025-05-17,2025
C000096,S0000995,PCS,2025-05-17,2025
C000097,S0004899,PCS,2025-05-17,2025
C000098,S0019379,PCS,2025-05-17,2025
C000099,S0013771,PCS,2025-05-17,2025
C000100,S0038279,PCS,2025-05-17,2025
C000101,S0040250,PCS,2025-05-17,2025
C000102,S0037167,PCS,2025-05-17,2025
C000103,S0040346,PCS,2025-05-17,2025
C000104,S0033596,PCS,2025-05-17,2025
C000105,S0025411,PCS,2025-05-17,2025
C000106,S0015881,PCS,2025-05-17,2025
C000107,S0022138,PCS,2025-05-17,2025
C000108,S0037606,PCS,2025-05-17,2025
C000109,S0003203,PCS,2025-05-17,2025
C000110,S0010979,PCS,2025-05-17,2025
C000111,S0026666,PCS,2025-05-17,2025
C000112,S0034198,PCS,2025-05-17,2025
C000113,S0008195,PCS,2025-05-17,2025
C000114,S0015562,PCS,2025-05-17,2025
C000115,S0009924,PCS,2025-05-17,2025
C000116,S0037872,PCS,2025-05-17,2025
C000117,S0022740,PCS,2025-05-17,2025
C000118,S0018526,PCS,2025-05-17,2025
C000119,S0003564,PCS,2025-05-17,2025
C000120,S0032419,PCS,2025-05-17,2025
C000121,S0033075,PCS,2025-05-17,2025
C000122,S0030545,PCS,2025-05-17,2025
C000123,S0008860,PCS,2025-05-17,2025
C000124,S0040121,PCS,2025-05-17,2025
C000125,S0031721,PCS,2025-05-17,2025
C000126,S0040294,PCS,2025-05-17,2025
C000127,S0037698,PCS,2025-05-17,2025
C000128,S0039505,PCS,2025-05-17,2025
C000129,S0028827,PCS,2025-05-17,2025
C000130,S0010176,PCS,2025-05-17,2025
C000131,S0037061,PCS,2025-05-17,2025
C000132,S0038887,PCS,2025-05-17,2025
C000133,S0037833,PCS,2025-05-17,2025
C000134,S0031078,PCS,2025-05-17,2025
C000135,S0026240,PCS,2025-05-17,2025
C000136,S0026018,PCS,2025-05-17,2025
C000137,S0001786,PCS,2025-05-17,2025
C000138,S0028160,PCS,2025-05-17,2025
C000139,S0040158,PCS,2025-05-17,2025
C000140,S0008216,PCS,2025-05-17,2025
C000141,S0003108,PCS,2025-05-17,2025
C000142,S0038290,PCS,2025-05-17,2025
C000143,S0031172,PCS,2025-05-17,2025
C000144,S0033365,PCS,2025-05-17,2025
C000145,S0017751,PNUR,2025-05-17,2025
C000146,S0035866,PNUR,2025-05-17,2025
C000147,S0037296,PNUR,2025-05-17,2025
C000148,S0031148,PNUR,2025-05-17,2025
C000149,S0032281,PNUR,2025-05-17,2025
C000150,S0000420,PNUR,2025-05-17,2025
C000151,S0028189,PNUR,2025-05-17,2025
C000152,S0040467,PNUR,2025-05-17,2025
C000153,S0026156,PNUR,2025-05-17,2025
C000154,S0033578,PNUR,2025-05-17,2025
C000155,S0037879,PNUR,2025-05-17,2025
C000156,S0029018,PNUR,2025-05-17,2025
C000157,S0039173,PNUR,2025-05-17,2025
C000158,S0014933,PNUR,2025-05-17,2025
C000159,S0003748,PNUR,2025-05-17,2025
C000160,S0035847,PNUR,2025-05-17,2025
C000161,S0026961,PNUR,2025-05-17,2025
C000162,S0010314,PNUR,2025-05-17,2025
C000163,S0014853,PNUR,2025-05-17,2025
C000164,S0028066,PNUR,2025-05-17,2025
C000165,S0022075,PNUR,2025-05-17,2025
C000166,S0028241,PNUR,2025-05-17,2025
C000167,S0027387,PNUR,2025-05-17,2025
C000168,S0032627,PNUR,2025-05-17,2025
C000169,S0040664,PNUR,2025-05-17,2025
C000170,S0032761,PNUR,2025-05-17,2025
C000171,S0024160,PNUR,2025-05-17,2025
C000172,S0032300,PNUR,2025-05-17,2025
C000173,S0009064,PNUR,2025-05-17,2025
C000174,S0007848,PNUR,2025-05-17,2025
C000175,S0018037,PNUR,2025-05-17,2025
C000176,S0032887,PNUR,2025-05-17,2025
C000177,S0001676,PNUR,2025-05-17,2025
C000178,S0006304,PNUR,2025-05-17,2025
C000179,S0023589,PNUR,2025-05-17,2025
C000180,S0037195,PNUR,2025-05-17,2025
C000181,S0025982,PNUR,2025-05-17,2025
C000182,S0004452,PNUR,2025-05-17,2025
C000183,S0038865,PNUR,2025-05-17,2025
C000184,S0034210,PNUR,2025-05-17,2025
C000185,S0017853,PNUR,2025-05-17,2025
C000186,S0033230,PNUR,2025-05-17,2025
C000187,S0028418,PNUR,2025-05-17,2025
C000188,S0026116,PNUR,2025-05-17,2025
C000189,S0026326,PNUR,2025-05-17,2025
C000190,S0038959,PNUR,2025-05-17,2025
C000191,S0019285,PNUR,2025-05-17,2025
C000192,S0027683,PNUR,2025-05-17,2025
C000193,S0013785,PNUR,2025-05-17,2025
C000194,S0039057,PNUR,2025-05-17,2025
C000195,S0038190,PNUR,2025-05-17,2025
C000196,S0028407,PNUR,2025-05-17,2025
C000197,S0009159,PNUR,2025-05-17,2025
C000198,S0021732,PNUR,2025-05-17,2025
C000199,S0032644,PNUR,2025-05-17,2025
C000200,S0037972,PNUR,2025-05-17,2025
C000201,S0033784,PNUR,2025-05-17,2025
C000202,S0030775,PNUR,2025-05-17,2025
C000203,S0010253,PNUR,2025-05-17,2025
C000204,S0021156,PNUR,2025-05-17,2025
C000205,S0034208,PNUR,2025-05-17,2025
C000206,S0032876,PNUR,2025-05-17,2025
C000207,S0007990,PNUR,2025-05-17,2025
C000208,S0040224,PNUR,2025-05-17,2025
C000209,S0022197,PNUR,2025-05-17,2025
C000210,S0037300,PNUR,2025-05-17,2025
C000211,S0024140,PNUR,2025-05-17,2025
C000212,S0032141,PNUR,2025-05-17,2025
C000213,S0030704,PNUR,2025-05-17,2025
C000214,S0033514,PNUR,2025-05-17,2025
C000215,S0022562,PNUR,2025-05-17,2025
C000216,S0031468,PNUR,2025-05-17,2025
C000217,S0021198,PPA,2025-05-17,2025
C000218,S0034374,PPA,2025-05-17,2025
C000219,S0022708,PPA,2025-05-17,2025
C000220,S0039598,PPA,2025-05-17,2025
C000221,S0022363,PPA,2025-05-17,2025
C000222,S0022382,PPA,2025-05-17,2025
C000223,S0028642,PPA,2025-05-17,2025
C000224,S0001303,PPA,2025-05-17,2025
C000225,S0028400,PPA,2025-05-17,2025
C000226,S0031096,PPA,2025-05-17,2025
C000227,S0016995,PPA,2025-05-17,2025
C000228,S0030372,PPA,2025-05-17,2025
C000229,S0037122,PPA,2025-05-17,2025
C000230,S0037075,PPA,2025-05-17,2025
C000231,S0007414,PPA,2025-05-17,2025
C000232,S0018023,PPA,2025-05-17,2025
C000233,S0023566,PPA,2025-05-17,2025
C000234,S0036906,PPA,2025-05-17,2025
C000235,S0005968,PPA,2025-05-17,2025
C000236,S0032174,PPA,2025-05-17,2025
C000237,S0000768,PPA,2025-05-17,2025
C000238,S0025924,PPA,2025-05-17,2025
C000239,S0030974,PPA,2025-05-17,2025
C000240,S0032184,PPA,2025-05-17,2025
C000241,S0039438,PPA,2025-05-17,2025
C000242,S0029033,PPA,2025-05-17,2025
C000243,S0036716,PPA,2025-05-17,2025
C000244,S0011894,PPA,2025-05-17,2025
C000245,S0036133,PPA,2025-05-17,2025
C000246,S0032340,PPA,2025-05-17,2025
C000247,S0028210,PPA,2025-05-17,2025
C000248,S0000010,PPA,2025-05-17,2025
C000249,S0027370,PPA,2025-05-17,2025
C000250,S0018082,PPA,2025-05-17,2025
C000251,S0013723,PPA,2025-05-17,2025
C000252,S0023393,PPA,2025-05-17,2025
C000253,S0009779,PPA,2025-05-17,2025
C000254,S0032907,PPA,2025-05-17,2025
C000255,S0008364,PPA,2025-05-17,2025
C000256,S0023692,PPA,2025-05-17,2025
C000257,S0039839,PPA,2025-05-17,2025
C000258,S0035794,PPA,2025-05-17,2025
C000259,S0035134,PPA,2025-05-17,2025
C000260,S0009602,PPA,2025-05-17,2025
C000261,S0022125,PPA,2025-05-17,2025
C000262,S0038050,PPA,2025-05-17,2025
C000263,S0003082,PPA,2025-05-17,2025
C000264,S0001665,PPA,2025-05-17,2025
C000265,S0020942,PPA,2025-05-17,2025
C000266,S0022823,PPA,2025-05-17,2025
C000267,S0032402,PPA,2025-05-17,2025
C000268,S0038617,PPA,2025-05-17,2025
C000269,S0013503,PPA,2025-05-17,2025
C000270,S0032098,PPA,2025-05-17,2025
C000271,S0040218,PPA,2025-05-17,2025
C000272,S0010644,PPA,2025-05-17,2025
C000273,S0013104,PPA,2025-05-17,2025
C000274,S0033682,PPA,2025-05-17,2025
C000275,S0039145,PPA,2025-05-17,2025
C000276,S0037378,PPA,2025-05-17,2025
C000277,S0011203,PPA,2025-05-17,2025
C000278,S0036214,PPA,2025-05-17,2025
C000279,S0037138,PPA,2025-05-17,2025
C000280,S0011481,PPA,2025-05-17,2025
C000281,S0010045,PPA,2025-05-17,2025
C000282,S0037444,PPA,2025-05-17,2025
C000283,S0038328,PPA,2025-05-17,2025
C000284,S0040011,PPA,2025-05-17,2025
C000285,S0035965,PPA,2025-05-17,2025
C000286,S0032365,PPA,2025-05-17,2025
C000287,S0018817,PPA,2025-05-17,2025
C000288,S0013024,PPA,2025-05-17,2025
C000289,S0038789,PENG,2025-05-17,2025
C000290,S0023953,PENG,2025-05-17,2025
C000291,S0026092,PENG,2025-05-17,2025
C000292,S0035216,PENG,2025-05-17,2025
C000293,S0015812,PENG,2025-05-17,2025
C000294,S0038578,PENG,2025-05-17,2025
C000295,S0023105,PENG,2025-05-17,2025
C000296,S0032506,PENG,2025-05-17,2025
C000297,S0027645,PENG,2025-05-17,2025
C000298,S0028620,PENG,2025-05-17,2025
C000299,S0026381,PENG,2025-05-17,2025
C000300,S0033268,PENG,2025-05-17,2025
C000301,S0005893,PENG,2025-05-17,2025
C000302,S0033487,PENG,2025-05-17,2025
C000303,S0035960,PENG,2025-05-17,2025
C000304,S0028977,PENG,2025-05-17,2025
C000305,S0030459,PENG,2025-05-17,2025
C000306,S0032401,PENG,2025-05-17,2025
C000307,S0026825,PENG,2025-05-17,2025
C000308,S0003784,PENG,2025-05-17,2025
C000309,S0016602,PENG,2025-05-17,2025
C000310,S0033659,PENG,2025-05-17,2025
C000311,S0026133,PENG,2025-05-17,2025
C000312,S0016587,PENG,2025-05-17,2025
C000313,S0000031,PENG,2025-05-17,2025
C000314,S0032559,PENG,2025-05-17,2025
C000315,S0038831,PENG,2025-05-17,2025
C000316,S0031264,PENG,2025-05-17,2025
C000317,S0039324,PENG,2025-05-17,2025
C000318,S0037504,PENG,2025-05-17,2025
C000319,S0009595,PENG,2025-05-17,2025
C000320,S0038841,PENG,2025-05-17,2025
C000321,S0017663,PENG,2025-05-17,2025
C000322,S0020794,PENG,2025-05-17,2025
C000323,S0015634,PENG,2025-05-17,2025
C000324,S0028595,PENG,2025-05-17,2025
C000325,S0033400,PENG,2025-05-17,2025
C000326,S0039624,PENG,2025-05-17,2025
C000327,S0028251,PENG,2025-05-17,2025
C000328,S0023350,PENG,2025-05-17,2025
C000329,S0028682,PENG,2025-05-17,2025
C000330,S0036277,PENG,2025-05-17,2025
C000331,S0032642,PENG,2025-05-17,2025
C000332,S0027248,PENG,2025-05-17,2025
C000333,S0004088,PENG,2025-05-17,2025
C000334,S0023573,PENG,2025-05-17,2025
C000335,S0019041,PENG,2025-05-17,2025
C000336,S0026586,PENG,2025-05-17,2025
C000337,S0034044,PENG,2025-05-17,2025
C000338,S0015396,PENG,2025-05-17,2025
C000339,S0025957,PENG,2025-05-17,2025
C000340,S0022568,PENG,2025-05-17,2025
C000341,S0015435,PENG,2025-05-17,2025
C000342,S0005142,PENG,2025-05-17,2025
C000343,S0018787,PENG,2025-05-17,2025
C000344,S0003992,PENG,2025-05-17,2025
C000345,S0040663,PENG,2025-05-17,2025
C000346,S0000143,PENG,2025-05-17,2025
C000347,S0032738,PENG,2025-05-17,2025
C000348,S0035586,PENG,2025-05-17,2025
C000349,S0000142,PENG,2025-05-17,2025
C000350,S0035958,PENG,2025-05-17,2025
C000351,S0005225,PENG,2025-05-17,2025
C000352,S0035239,PENG,2025-05-17,2025
C000353,S0040325,PENG,2025-05-17,2025
C000354,S0030592,PENG,2025-05-17,2025
C000355,S0018762,PENG,2025-05-17,2025
C000356,S0013883,PENG,2025-05-17,2025
C000357,S0031020,PENG,2025-05-17,2025
C000358,S0031458,PENG,2025-05-17,2025
C000359,S0038680,PENG,2025-05-17,2025
C000360,S0028989,PENG,2025-05-17,2025
C000361,S0033976,PENG,2025-05-17,2025
C000362,S0037936,PENG,2025-05-17,2025
C000363,S0033137,PENG,2025-05-17,2025
C000364,S0029568,PENG,2025-05-17,2025
C000365,S0036814,PENG,2025-05-17,2025
C000366,S0001307,PENG,2025-05-17,2025
C000367,S0015188,PENG,2025-05-17,2025
C000368,S0039885,PENG,2025-05-17,2025
C000369,S0022733,PENG,2025-05-17,2025
C000370,S0022493,PENG,2025-05-17,2025
C000371,S0029403,PENG,2025-05-17,2025
C000372,S0033822,PENG,2025-05-17,2025
C000373,S0013168,PENG,2025-05-17,2025
C000374,S0000642,PENG,2025-05-17,2025
C000375,S0007052,PENG,2025-05-17,2025
C000376,S0033828,PENG,2025-05-17,2025
C000377,S0027347,PENG,2025-05-17,2025
C000378,S0012005,PENG,2025-05-17,2025
C000379,S0039652,PENG,2025-05-17,2025
C000380,S0017296,PENG,2025-05-17,2025
C000381,S0027077,PENG,2025-05-17,2025
C000382,S0021040,PENG,2025-05-17,2025
C000383,S0028474,PENG,2025-05-17,2025
C000384,S0025672,PENG,2025-05-17,2025
C000385,S0036400,PBIO,2025-05-17,2025
C000386,S0019623,PBIO,2025-05-17,2025
C000387,S0006898,PBIO,2025-05-17,2025
C000388,S0037499,PBIO,2025-05-17,2025
C000389,S0035539,PBIO,2025-05-17,2025
C000390,S0018867,PBIO,2025-05-17,2025
C000391,S0033358,PBIO,2025-05-17,2025
C000392,S0003461,PBIO,2025-05-17,2025
C000393,S0026056,PBIO,2025-05-17,2025
C000394,S0012204,PBIO,2025-05-17,2025
C000395,S0040466,PBIO,2025-05-17,2025
C000396,S0010292,PBIO,2025-05-17,2025
C000397,S0039783,PBIO,2025-05-17,2025
C000398,S0021588,PBIO,2025-05-17,2025
C000399,S0019213,PBIO,2025-05-17,2025
C000400,S0018026,PBIO,2025-05-17,2025
C000401,S0027428,PBIO,2025-05-17,2025
C000402,S0035170,PBIO,2025-05-17,2025
C000403,S0013989,PBIO,2025-05-17,2025
C000404,S0037189,PBIO,2025-05-17,2025
C000405,S0040255,PBIO,2025-05-17,2025
C000406,S0003581,PBIO,2025-05-17,2025
C000407,S0032271,PBIO,2025-05-17,2025
C000408,S0033619,PBIO,2025-05-17,2025
C000409,S0014482,PBIO,2025-05-17,2025
C000410,S0029424,PBIO,2025-05-17,2025
C000411,S0039777,PBIO,2025-05-17,2025
C000412,S0011130,PBIO,2025-05-17,2025
C000413,S0033933,PBIO,2025-05-17,2025
C000414,S0033337,PBIO,2025-05-17,2025
C000415,S0039221,PBIO,2025-05-17,2025
C000416,S0038257,PBIO,2025-05-17,2025
C000417,S0014236,PBIO,2025-05-17,2025
C000418,S0040569,PBIO,2025-05-17,2025
C000419,S0013923,PBIO,2025-05-17,2025
C000420,S0026561,PBIO,2025-05-17,2025
C000421,S0026151,PBIO,2025-05-17,2025
C000422,S0018250,PBIO,2025-05-17,2025
C000423,S0032803,PBIO,2025-05-17,2025
C000424,S0032335,PBIO,2025-05-17,2025
C000425,S0022418,PBIO,2025-05-17,2025
C000426,S0040137,PBIO,2025-05-17,2025
C000427,S0011731,PBIO,2025-05-17,2025
C000428,S0023158,PBIO,2025-05-17,2025
C000429,S0035921,PBIO,2025-05-17,2025
C000430,S0013443,PBIO,2025-05-17,2025
C000431,S0016466,PBIO,2025-05-17,2025
C000432,S0037515,PBIO,2025-05-17,2025
C000433,S0034419,PBIO,2025-05-17,2025
C000434,S0030876,PBIO,2025-05-17,2025
C000435,S0032984,PBIO,2025-05-17,2025
C000436,S0019605,PBIO,2025-05-17,2025
C000437,S0026112,PBIO,2025-05-17,2025
C000438,S0038076,PBIO,2025-05-17,2025
C000439,S0030735,PBIO,2025-05-17,2025
C000440,S0012456,PBIO,2025-05-17,2025
C000441,S0036860,PBIO,2025-05-17,2025
C000442,S0019571,PBIO,2025-05-17,2025
C000443,S0037461,PBIO,2025-05-17,2025
C000444,S0017636,PBIO,2025-05-17,2025
C000445,S0035872,PBIO,2025-05-17,2025
C000446,S0010133,PBIO,2025-05-17,2025
C000447,S0030519,PBIO,2025-05-17,2025
C000448,S0011792,PBIO,2025-05-17,2025
C000449,S0039882,PBIO,2025-05-17,2025
C000450,S0012953,PBIO,2025-05-17,2025
C000451,S0014572,PBIO,2025-05-17,2025
C000452,S0025736,PBIO,2025-05-17,2025
C000453,S0005963,PBIO,2025-05-17,2025
C000454,S0032310,PBIO,2025-05-17,2025
C000455,S0007558,PBIO,2025-05-17,2025
C000456,S0030483,PBIO,2025-05-17,2025
C000457,S0005454,PBIO,2025-05-17,2025
C000458,S0039738,PBIO,2025-05-17,2025
C000459,S0027636,PBIO,2025-05-17,2025
C000460,S0039637,PBIO,2025-05-17,2025
C000461,S0031308,PBIO,2025-05-17,2025
C000462,S0001266,PBIO,2025-05-17,2025
C000463,S0027561,PBIO,2025-05-17,2025
C000464,S0029370,PBIO,2025-05-17,2025
C000465,S0029122,PBIO,2025-05-17,2025
C000466,S0005904,PBIO,2025-05-17,2025
C000467,S0038606,PBIO,2025-05-17,2025
C000468,S0009294,PBIO,2025-05-17,2025
C000469,S0038064,PBIO,2025-05-17,2025
C000470,S0027877,PBIO,2025-05-17,2025
C000471,S0038152,PBIO,2025-05-17,2025
C000472,S0035819,PBIO,2025-05-17,2025
C000473,S0027093,PBIO,2025-05-17,2025
C000474,S0033716,PBIO,2025-05-17,2025
C000475,S0033903,PBIO,2025-05-17,2025
C000476,S0026343,PBIO,2025-05-17,2025
C000477,S0038613,PBIO,2025-05-17,2025
C000478,S0028460,PBIO,2025-05-17,2025
C000479,S0015484,PBIO,2025-05-17,2025
C000480,S0022925,PBIO,2025-05-17,2025
C000481,S0028491,PBUS,2025-05-17,2025
C000482,S0019330,PBUS,2025-05-17,2025
C000483,S0033105,PBUS,2025-05-17,2025
C000484,S0035843,PBUS,2025-05-17,2025
C000485,S0036844,PBUS,2025-05-17,2025
C000486,S0040185,PBUS,2025-05-17,2025
C000487,S0028531,PBUS,2025-05-17,2025
C000488,S0032961,PBUS,2025-05-17,2025
C000489,S0040371,PBUS,2025-05-17,2025
C000490,S0027782,PBUS,2025-05-17,2025
C000491,S0008413,PBUS,2025-05-17,2025
C000492,S0000244,PBUS,2025-05-17,2025
C000493,S0033490,PBUS,2025-05-17,2025
C000494,S0024127,PBUS,2025-05-17,2025
C000495,S0009233,PBUS,2025-05-17,2025
C000496,S0011809,PBUS,2025-05-17,2025
C000497,S0006415,PBUS,2025-05-17,2025
C000498,S0037456,PBUS,2025-05-17,2025
C000499,S0033183,PBUS,2025-05-17,2025
C000500,S0016033,PBUS,2025-05-17,2025
C000501,S0026374,PBUS,2025-05-17,2025
C000502,S0013070,PBUS,2025-05-17,2025
C000503,S0039264,PBUS,2025-05-17,2025
C000504,S0028898,PBUS,2025-05-17,2025
C000505,S0026270,PBUS,2025-05-17,2025
C000506,S0005260,PBUS,2025-05-17,2025
C000507,S0031931,PBUS,2025-05-17,2025
C000508,S0039488,PBUS,2025-05-17,2025
C000509,S0007977,PBUS,2025-05-17,2025
C000510,S0040143,PBUS,2025-05-17,2025
C000511,S0039575,PBUS,2025-05-17,2025
C000512,S0016054,PBUS,2025-05-17,2025
C000513,S0021453,PBUS,2025-05-17,2025
C000514,S0023840,PBUS,2025-05-17,2025
C000515,S0001257,PBUS,2025-05-17,2025
C000516,S0036685,PBUS,2025-05-17,2025
C000517,S0000216,PBUS,2025-05-17,2025
C000518,S0034293,PBUS,2025-05-17,2025
C000519,S0003616,PBUS,2025-05-17,2025
C000520,S0025635,PBUS,2025-05-17,2025
C000521,S0028316,PBUS,2025-05-17,2025
C000522,S0008558,PBUS,2025-05-17,2025
C000523,S0035107,PBUS,2025-05-17,2025
C000524,S0027662,PBUS,2025-05-17,2025
C000525,S0032003,PBUS,2025-05-17,2025
C000526,S0026844,PBUS,2025-05-17,2025
C000527,S0034115,PBUS,2025-05-17,2025
C000528,S0034241,PBUS,2025-05-17,2025
C000529,S0036661,PBUS,2025-05-17,2025
C000530,S0030956,PBUS,2025-05-17,2025
C000531,S0037780,PBUS,2025-05-17,2025
C000532,S0039208,PBUS,2025-05-17,2025
C000533,S0033416,PBUS,2025-05-17,2025
C000534,S0039184,PBUS,2025-05-17,2025
C000535,S0001013,PBUS,2025-05-17,2025
C000536,S0032305,PBUS,2025-05-17,2025
C000537,S0001500,PBUS,2025-05-17,2025
C000538,S0017939,PBUS,2025-05-17,2025
C000539,S0038564,PBUS,2025-05-17,2025
C000540,S0018810,PBUS,2025-05-17,2025
C000541,S0039403,PBUS,2025-05-17,2025
C000542,S0034022,PBUS,2025-05-17,2025
C000543,S0032924,PBUS,2025-05-17,2025
C000544,S0007453,PBUS,2025-05-17,2025
C000545,S0003328,PBUS,2025-05-17,2025
C000546,S0029054,PBUS,2025-05-17,2025
C000547,S0033070,PBUS,2025-05-17,2025
C000548,S0008872,PBUS,2025-05-17,2025
C000549,S0018684,PBUS,2025-05-17,2025
C000550,S0007883,PBUS,2025-05-17,2025
C000551,S0014282,PBUS,2025-05-17,2025
C000552,S0016472,PBUS,2025-05-17,2025
C000553,S0008771,PBUS,2025-05-17,2025
C000554,S0001541,PBUS,2025-05-17,2025
C000555,S0040301,PBUS,2025-05-17,2025
C000556,S0040416,PBUS,2025-05-17,2025
C000557,S0012178,PBUS,2025-05-17,2025
C000558,S0025745,PBUS,2025-05-17,2025
C000559,S0033634,PBUS,2025-05-17,2025
C000560,S0033430,PBUS,2025-05-17,2025
C000561,S0006621,PBUS,2025-05-17,2025
C000562,S0030530,PBUS,2025-05-17,2025
C000563,S0029113,PBUS,2025-05-17,2025
C000564,S0004118,PBUS,2025-05-17,2025
C000565,S0040460,PBUS,2025-05-17,2025
C000566,S0037390,PBUS,2025-05-17,2025
C000567,S0018749,PBUS,2025-05-17,2025
C000568,S0016489,PBUS,2025-05-17,2025
C000569,S0003431,PBUS,2025-05-17,2025
C000570,S0009002,PBUS,2025-05-17,2025
C000571,S0006354,PBUS,2025-05-17,2025
C000572,S0030347,PBUS,2025-05-17,2025
C000573,S0000282,PBUS,2025-05-17,2025
C000574,S0032967,PBUS,2025-05-17,2025
C000575,S0022981,PBUS,2025-05-17,2025
C000576,S0017622,PBUS,2025-05-17,2025
C000577,S0027303,PMATH,2025-05-17,2025
C000578,S0039625,PMATH,2025-05-17,2025
C000579,S0028139,PMATH,2025-05-17,2025
C000580,S0024034,PMATH,2025-05-17,2025
C000581,S0039120,PMATH,2025-05-17,2025
C000582,S0038228,PMATH,2025-05-17,2025
C000583,S0019514,PMATH,2025-05-17,2025
C000584,S0033628,PMATH,2025-05-17,2025
C000585,S0031678,PMATH,2025-05-17,2025
C000586,S0001942,PMATH,2025-05-17,2025
C000587,S0040293,PMATH,2025-05-17,2025
C000588,S0031659,PMATH,2025-05-17,2025
C000589,S0034214,PMATH,2025-05-17,2025
C000590,S0040405,PMATH,2025-05-17,2025
C000591,S0023947,PMATH,2025-05-17,2025
C000592,S0039875,PMATH,2025-05-17,2025
C000593,S0027316,PMATH,2025-05-17,2025
C000594,S0028268,PMATH,2025-05-17,2025
C000595,S0038278,PMATH,2025-05-17,2025
C000596,S0027703,PMATH,2025-05-17,2025
C000597,S0031985,PMATH,2025-05-17,2025
C000598,S0022709,PMATH,2025-05-17,2025
C000599,S0026093,PMATH,2025-05-17,2025
C000600,S0040478,PMATH,2025-05-17,2025
C000601,S0009747,PMATH,2025-05-17,2025
C000602,S0039516,PMATH,2025-05-17,2025
C000603,S0036373,PMATH,2025-05-17,2025
C000604,S0010091,PMATH,2025-05-17,2025
C000605,S0015443,PMATH,2025-05-17,2025
C000606,S0031003,PMATH,2025-05-17,2025
C000607,S0026881,PMATH,2025-05-17,2025
C000608,S0037131,PMATH,2025-05-17,2025
C000609,S0009325,PMATH,2025-05-17,2025
C000610,S0034373,PMATH,2025-05-17,2025
C000611,S0018304,PMATH,2025-05-17,2025
C000612,S0001572,PMATH,2025-05-17,2025
C000613,S0007430,PMATH,2025-05-17,2025
C000614,S0025772,PMATH,2025-05-17,2025
C000615,S0007307,PMATH,2025-05-17,2025
C000616,S0038483,PMATH,2025-05-17,2025
C000617,S0038859,PMATH,2025-05-17,2025
C000618,S0032065,PMATH,2025-05-17,2025
C000619,S0037892,PMATH,2025-05-17,2025
C000620,S0010077,PMATH,2025-05-17,2025
C000621,S0023206,PMATH,2025-05-17,2025
C000622,S0021135,PMATH,2025-05-17,2025
C000623,S0032783,PMATH,2025-05-17,2025
C000624,S0028990,PMATH,2025-05-17,2025
C000625,S0006888,PMATH,2025-05-17,2025
C000626,S0004904,PMATH,2025-05-17,2025
C000627,S0005512,PMATH,2025-05-17,2025
C000628,S0027293,PMATH,2025-05-17,2025
C000629,S0018508,PMATH,2025-05-17,2025
C000630,S0029317,PMATH,2025-05-17,2025
C000631,S0027334,PMATH,2025-05-17,2025
C000632,S0040128,PMATH,2025-05-17,2025
C000633,S0028937,PMATH,2025-05-17,2025
C000634,S0032186,PMATH,2025-05-17,2025
C000635,S0028702,PMATH,2025-05-17,2025
C000636,S0011811,PMATH,2025-05-17,2025
C000637,S0031773,PMATH,2025-05-17,2025
C000638,S0037805,PMATH,2025-05-17,2025
C000639,S0017846,PMATH,2025-05-17,2025
C000640,S0003958,PMATH,2025-05-17,2025
C000641,S0016783,PMATH,2025-05-17,2025
C000642,S0040071,PMATH,2025-05-17,2025
C000643,S0009029,PMATH,2025-05-17,2025
C000644,S0037368,PMATH,2025-05-17,2025
C000645,S0008314,PMATH,2025-05-17,2025
C000646,S0035649,PMATH,2025-05-17,2025
C000647,S0031324,PMATH,2025-05-17,2025
C000648,S0036034,PMATH,2025-05-17,2025
C000649,S0038945,PMATH,2025-05-17,2025
C000650,S0023048,PMATH,2025-05-17,2025
C000651,S0027500,PMATH,2025-05-17,2025
C000652,S0033593,PMATH,2025-05-17,2025
C000653,S0033820,PMATH,2025-05-17,2025
C000654,S0029297,PMATH,2025-05-17,2025
C000655,S0022448,PMATH,2025-05-17,2025
C000656,S0038075,PMATH,2025-05-17,2025
C000657,S0001010,PMATH,2025-05-17,2025
C000658,S0017893,PMATH,2025-05-17,2025
C000659,S0032143,PMATH,2025-05-17,2025
C000660,S0033176,PMATH,2025-05-17,2025
C000661,S0037964,PMATH,2025-05-17,2025
C000662,S0000454,PMATH,2025-05-17,2025
C000663,S0017945,PMATH,2025-05-17,2025
C000664,S0023801,PMATH,2025-05-17,2025
C000665,S0003195,PMATH,2025-05-17,2025
C000666,S0004555,PMATH,2025-05-17,2025
C000667,S0030877,PMATH,2025-05-17,2025
C000668,S0022543,PMATH,2025-05-17,2025
C000669,S0009474,PMATH,2025-05-17,2025
C000670,S0028414,PMATH,2025-05-17,2025
C000671,S0032294,PMATH,2025-05-17,2025
C000672,S0028055,PMATH,2025-05-17,2025
C000673,S0038676,PEDU,2025-05-17,2025
C000674,S0031207,PEDU,2025-05-17,2025
C000675,S0028403,PEDU,2025-05-17,2025
C000676,S0022016,PEDU,2025-05-17,2025
C000677,S0026423,PEDU,2025-05-17,2025
C000678,S0034184,PEDU,2025-05-17,2025
C000679,S0022505,PEDU,2025-05-17,2025
C000680,S0038145,PEDU,2025-05-17,2025
C000681,S0032714,PEDU,2025-05-17,2025
C000682,S0032879,PEDU,2025-05-17,2025
C000683,S0006593,PEDU,2025-05-17,2025
C000684,S0032945,PEDU,2025-05-17,2025
C000685,S0026920,PEDU,2025-05-17,2025
C000686,S0017288,PEDU,2025-05-17,2025
C000687,S0016810,PEDU,2025-05-17,2025
C000688,S0037580,PEDU,2025-05-17,2025
C000689,S0030831,PEDU,2025-05-17,2025
C000690,S0007378,PEDU,2025-05-17,2025
C000691,S0008361,PEDU,2025-05-17,2025
C000692,S0023457,PEDU,2025-05-17,2025
C000693,S0010768,PEDU,2025-05-17,2025
C000694,S0014735,PEDU,2025-05-17,2025
C000695,S0007305,PEDU,2025-05-17,2025
C000696,S0027661,PEDU,2025-05-17,2025
C000697,S0019256,PEDU,2025-05-17,2025
C000698,S0030391,PEDU,2025-05-17,2025
C000699,S0032922,PEDU,2025-05-17,2025
C000700,S0015298,PEDU,2025-05-17,2025
C000701,S0035433,PEDU,2025-05-17,2025
C000702,S0003713,PEDU,2025-05-17,2025
C000703,S0022975,PEDU,2025-05-17,2025
C000704,S0037867,PEDU,2025-05-17,2025
C000705,S0036279,PEDU,2025-05-17,2025
C000706,S0037918,PEDU,2025-05-17,2025
C000707,S0040634,PEDU,2025-05-17,2025
C000708,S0039467,PEDU,2025-05-17,2025
C000709,S0016276,PEDU,2025-05-17,2025
C000710,S0039954,PEDU,2025-05-17,2025
C000711,S0015585,PEDU,2025-05-17,2025
C000712,S0005608,PEDU,2025-05-17,2025
C000713,S0029265,PEDU,2025-05-17,2025
C000714,S0017639,PEDU,2025-05-17,2025
C000715,S0027328,PEDU,2025-05-17,2025
C000716,S0030998,PEDU,2025-05-17,2025
C000717,S0037792,PEDU,2025-05-17,2025
C000718,S0010052,PEDU,2025-05-17,2025
C000719,S0039050,PEDU,2025-05-17,2025
C000720,S0032308,PEDU,2025-05-17,2025
C000721,S0014915,PEDU,2025-05-17,2025
C000722,S0018556,PEDU,2025-05-17,2025
C000723,S0023076,PEDU,2025-05-17,2025
C000724,S0027802,PEDU,2025-05-17,2025
C000725,S0024015,PEDU,2025-05-17,2025
C000726,S0022402,PEDU,2025-05-17,2025
C000727,S0037027,PEDU,2025-05-17,2025
C000728,S0029535,PEDU,2025-05-17,2025
C000729,S0021207,PEDU,2025-05-17,2025
C000730,S0031329,PEDU,2025-05-17,2025
C000731,S0022931,PEDU,2025-05-17,2025
C000732,S0023742,PEDU,2025-05-17,2025
C000733,S0027864,PEDU,2025-05-17,2025
C000734,S0025565,PEDU,2025-05-17,2025
C000735,S0028167,PEDU,2025-05-17,2025
C000736,S0037136,PEDU,2025-05-17,2025
C000737,S0019069,PEDU,2025-05-17,2025
C000738,S0034127,PEDU,2025-05-17,2025
C000739,S0014643,PEDU,2025-05-17,2025
C000740,S0027067,PEDU,2025-05-17,2025
C000741,S0025975,PEDU,2025-05-17,2025
C000742,S0038159,PEDU,2025-05-17,2025
C000743,S0025723,PEDU,2025-05-17,2025
C000744,S0036879,PEDU,2025-05-17,2025
C000745,S0021756,PEDU,2025-05-17,2025
C000746,S0022611,PEDU,2025-05-17,2025
C000747,S0028104,PEDU,2025-05-17,2025
C000748,S0039397,PEDU,2025-05-17,2025
C000749,S0018621,PEDU,2025-05-17,2025
C000750,S0022452,PEDU,2025-05-17,2025
C000751,S0031574,PEDU,2025-05-17,2025
C000752,S0035451,PEDU,2025-05-17,2025
C000753,S0003470,PEDU,2025-05-17,2025
C000754,S0026882,PEDU,2025-05-17,2025
C000755,S0029455,PEDU,2025-05-17,2025
C000756,S0008973,PEDU,2025-05-17,2025
C000757,S0032622,PEDU,2025-05-17,2025
C000758,S0038356,PEDU,2025-05-17,2025
C000759,S0031228,PEDU,2025-05-17,2025
C000760,S0032466,PEDU,2025-05-17,2025
C000761,S0038049,PEDU,2025-05-17,2025
C000762,S0003417,PEDU,2025-05-17,2025
C000763,S0032626,PEDU,2025-05-17,2025
C000764,S0019040,PEDU,2025-05-17,2025
C000765,S0039769,PEDU,2025-05-17,2025
C000766,S0001739,PEDU,2025-05-17,2025
C000767,S0010104,PEDU,2025-05-17,2025
C000768,S0033164,PEDU,2025-05-17,2025
C000769,S0027721,PCRJ,2025-05-17,2025
C000770,S0027315,PCRJ,2025-05-17,2025
C000771,S0019645,PCRJ,2025-05-17,2025
C000772,S0008853,PCRJ,2025-05-17,2025
C000773,S0035973,PCRJ,2025-05-17,2025
C000774,S0010662,PCRJ,2025-05-17,2025
C000775,S0022762,PCRJ,2025-05-17,2025
C000776,S0019164,PCRJ,2025-05-17,2025
C000777,S0029503,PCRJ,2025-05-17,2025
C000778,S0037402,PCRJ,2025-05-17,2025
C000779,S0018054,PCRJ,2025-05-17,2025
C000780,S0006428,PCRJ,2025-05-17,2025
C000781,S0017869,PCRJ,2025-05-17,2025
C000782,S0029330,PCRJ,2025-05-17,2025
C000783,S0019359,PCRJ,2025-05-17,2025
C000784,S0038056,PCRJ,2025-05-17,2025
C000785,S0038198,PCRJ,2025-05-17,2025
C000786,S0001617,PCRJ,2025-05-17,2025
C000787,S0011254,PCRJ,2025-05-17,2025
C000788,S0033928,PCRJ,2025-05-17,2025
C000789,S0025478,PCRJ,2025-05-17,2025
C000790,S0026599,PCRJ,2025-05-17,2025
C000791,S0023539,PCRJ,2025-05-17,2025
C000792,S0006603,PCRJ,2025-05-17,2025
C000793,S0007007,PCRJ,2025-05-17,2025
C000794,S0026965,PCRJ,2025-05-17,2025
C000795,S0022298,PCRJ,2025-05-17,2025
C000796,S0033161,PCRJ,2025-05-17,2025
C000797,S0037318,PCRJ,2025-05-17,2025
C000798,S0018964,PCRJ,2025-05-17,2025
C000799,S0018615,PCRJ,2025-05-17,2025
C000800,S0038522,PCRJ,2025-05-17,2025
C000801,S0032355,PCRJ,2025-05-17,2025
C000802,S0033275,PCRJ,2025-05-17,2025
C000803,S0036136,PCRJ,2025-05-17,2025
C000804,S0038759,PCRJ,2025-05-17,2025
C000805,S0035194,PCRJ,2025-05-17,2025
C000806,S0017983,PCRJ,2025-05-17,2025
C000807,S0020922,PCRJ,2025-05-17,2025
C000808,S0035098,PCRJ,2025-05-17,2025
C000809,S0028765,PCRJ,2025-05-17,2025
C000810,S0036656,PCRJ,2025-05-17,2025
C000811,S0039770,PCRJ,2025-05-17,2025
C000812,S0038512,PCRJ,2025-05-17,2025
C000813,S0021561,PCRJ,2025-05-17,2025
C000814,S0027036,PCRJ,2025-05-17,2025
C000815,S0032441,PCRJ,2025-05-17,2025
C000816,S0008910,PCRJ,2025-05-17,2025
C000817,S0031381,PCRJ,2025-05-17,2025
C000818,S0036383,PCRJ,2025-05-17,2025
C000819,S0012500,PCRJ,2025-05-17,2025
C000820,S0019149,PCRJ,2025-05-17,2025
C000821,S0019535,PCRJ,2025-05-17,2025
C000822,S0016356,PCRJ,2025-05-17,2025
C000823,S0017447,PCRJ,2025-05-17,2025
C000824,S0027389,PCRJ,2025-05-17,2025
C000825,S0036352,PCRJ,2025-05-17,2025
C000826,S0038273,PCRJ,2025-05-17,2025
C000827,S0007285,PCRJ,2025-05-17,2025
C000828,S0031394,PCRJ,2025-05-17,2025
C000829,S0011515,PCRJ,2025-05-17,2025
C000830,S0015874,PCRJ,2025-05-17,2025
C000831,S0013882,PCRJ,2025-05-17,2025
C000832,S0030439,PCRJ,2025-05-17,2025
C000833,S0014935,PCRJ,2025-05-17,2025
C000834,S0007901,PCRJ,2025-05-17,2025
C000835,S0028402,PCRJ,2025-05-17,2025
C000836,S0035754,PCRJ,2025-05-17,2025
C000837,S0036847,PCRJ,2025-05-17,2025
C000838,S0031053,PCRJ,2025-05-17,2025
C000839,S0032458,PCRJ,2025-05-17,2025
C000840,S0022955,PCRJ,2025-05-17,2025
C000841,S0039408,PCRJ,2025-05-17,2025
C000842,S0006058,PCRJ,2025-05-17,2025
C000843,S0007488,PCRJ,2025-05-17,2025
C000844,S0028205,PCRJ,2025-05-17,2025
C000845,S0000241,PCRJ,2025-05-17,2025
C000846,S0030740,PCRJ,2025-05-17,2025
C000847,S0012150,PCRJ,2025-05-17,2025
C000848,S0034248,PCRJ,2025-05-17,2025
C000849,S0013222,PCRJ,2025-05-17,2025
C000850,S0030759,PCRJ,2025-05-17,2025
C000851,S0009476,PCRJ,2025-05-17,2025
C000852,S0010843,PCRJ,2025-05-17,2025
C000853,S0013205,PCRJ,2025-05-17,2025
C000854,S0040532,PCRJ,2025-05-17,2025
C000855,S0009647,PCRJ,2025-05-17,2025
C000856,S0037096,PCRJ,2025-05-17,2025
C000857,S0028629,PCRJ,2025-05-17,2025
C000858,S0032709,PCRJ,2025-05-17,2025
C000859,S0013536,PCRJ,2025-05-17,2025
C000860,S0017458,PCRJ,2025-05-17,2025
C000861,S0037067,PCRJ,2025-05-17,2025
C000862,S0023124,PCRJ,2025-05-17,2025
C000863,S0015150,PCRJ,2025-05-17,2025
C000864,S0014830,PCRJ,2025-05-17,2025
C000865,S0028820,PPSY,2025-05-17,2025
C000866,S0021710,PPSY,2025-05-17,2025
C000867,S0024230,PPSY,2025-05-17,2025
C000868,S0007133,PPSY,2025-05-17,2025
C000869,S0018365,PPSY,2025-05-17,2025
C000870,S0019630,PPSY,2025-05-17,2025
C000871,S0039322,PPSY,2025-05-17,2025
C000872,S0037637,PPSY,2025-05-17,2025
C000873,S0018856,PPSY,2025-05-17,2025
C000874,S0038321,PPSY,2025-05-17,2025
C000875,S0031818,PPSY,2025-05-17,2025
C000876,S0036237,PPSY,2025-05-17,2025
C000877,S0038007,PPSY,2025-05-17,2025
C000878,S0036033,PPSY,2025-05-17,2025
C000879,S0001399,PPSY,2025-05-17,2025
C000880,S0008604,PPSY,2025-05-17,2025
C000881,S0018917,PPSY,2025-05-17,2025
C000882,S0029015,PPSY,2025-05-17,2025
C000883,S0038609,PPSY,2025-05-17,2025
C000884,S0034173,PPSY,2025-05-17,2025
C000885,S0018923,PPSY,2025-05-17,2025
C000886,S0040057,PPSY,2025-05-17,2025
C000887,S0027983,PPSY,2025-05-17,2025
C000888,S0004022,PPSY,2025-05-17,2025
C000889,S0036148,PPSY,2025-05-17,2025
C000890,S0003677,PPSY,2025-05-17,2025
C000891,S0025557,PPSY,2025-05-17,2025
C000892,S0038592,PPSY,2025-05-17,2025
C000893,S0027138,PPSY,2025-05-17,2025
C000894,S0023610,PPSY,2025-05-17,2025
C000895,S0033119,PPSY,2025-05-17,2025
C000896,S0027296,PPSY,2025-05-17,2025
C000897,S0009324,PPSY,2025-05-17,2025
C000898,S0006261,PPSY,2025-05-17,2025
C000899,S0019674,PPSY,2025-05-17,2025
C000900,S0037365,PPSY,2025-05-17,2025
C000901,S0039123,PPSY,2025-05-17,2025
C000902,S0032735,PPSY,2025-05-17,2025
C000903,S0024458,PPSY,2025-05-17,2025
C000904,S0013060,PPSY,2025-05-17,2025
C000905,S0024010,PPSY,2025-05-17,2025
C000906,S0036652,PPSY,2025-05-17,2025
C000907,S0021067,PPSY,2025-05-17,2025
C000908,S0032289,PPSY,2025-05-17,2025
C000909,S0000506,PPSY,2025-05-17,2025
C000910,S0031516,PPSY,2025-05-17,2025
C000911,S0039804,PPSY,2025-05-17,2025
C000912,S0035449,PPSY,2025-05-17,2025
C000913,S0029562,PPSY,2025-05-17,2025
C000914,S0038941,PPSY,2025-05-17,2025
C000915,S0029183,PPSY,2025-05-17,2025
C000916,S0004664,PPSY,2025-05-17,2025
C000917,S0032549,PPSY,2025-05-17,2025
C000918,S0037773,PPSY,2025-05-17,2025
C000919,S0026275,PPSY,2025-05-17,2025
C000920,S0018983,PPSY,2025-05-17,2025
C000921,S0035600,PPSY,2025-05-17,2025
C000922,S0036708,PPSY,2025-05-17,2025
C000923,S0035292,PPSY,2025-05-17,2025
C000924,S0037549,PPSY,2025-05-17,2025
C000925,S0029032,PPSY,2025-05-17,2025
C000926,S0024290,PPSY,2025-05-17,2025
C000927,S0034296,PPSY,2025-05-17,2025
C000928,S0034053,PPSY,2025-05-17,2025
C000929,S0025954,PPSY,2025-05-17,2025
C000930,S0022645,PPSY,2025-05-17,2025
C000931,S0033415,PPSY,2025-05-17,2025
C000932,S0039326,PPSY,2025-05-17,2025
C000933,S0034259,PPSY,2025-05-17,2025
C000934,S0017360,PPSY,2025-05-17,2025
C000935,S0014220,PPSY,2025-05-17,2025
C000936,S0012939,PPSY,2025-05-17,2025
C000937,S0006051,PPSY,2025-05-17,2025
C000938,S0022409,PPSY,2025-05-17,2025
C000939,S0017926,PPSY,2025-05-17,2025
C000940,S0009928,PPSY,2025-05-17,2025
C000941,S0027471,PPSY,2025-05-17,2025
C000942,S0040124,PPSY,2025-05-17,2025
C000943,S0005209,PPSY,2025-05-17,2025
C000944,S0025686,PPSY,2025-05-17,2025
C000945,S0038885,PPSY,2025-05-17,2025
C000946,S0037289,PPSY,2025-05-17,2025
C000947,S0038975,PPSY,2025-05-17,2025
C000948,S0040582,PPSY,2025-05-17,2025
C000949,S0032139,PPSY,2025-05-17,2025
C000950,S0037158,PPSY,2025-05-17,2025
C000951,S0008222,PPSY,2025-05-17,2025
C000952,S0003890,PPSY,2025-05-17,2025
C000953,S0039666,PPSY,2025-05-17,2025
C000954,S0014611,PPSY,2025-05-17,2025
C000955,S0027443,PPSY,2025-05-17,2025
C000956,S0035817,PPSY,2025-05-17,2025
C000957,S0037497,PPSY,2025-05-17,2025
C000958,S0025490,PPSY,2025-05-17,2025
C000959,S0033627,PPSY,2025-05-17,2025
C000960,S0038074,PPSY,2025-05-17,2025
C000961,S0023806,PGEN,2025-05-17,2025
C000962,S0021562,PGEN,2025-05-17,2025
C000963,S0011815,PGEN,2025-05-17,2025
C000964,S0026972,PGEN,2025-05-17,2025
C000965,S0017335,PGEN,2025-05-17,2025
C000966,S0039967,PGEN,2025-05-17,2025
C000967,S0035692,PGEN,2025-05-17,2025
C000968,S0027736,PGEN,2025-05-17,2025
C000969,S0006411,PGEN,2025-05-17,2025
C000970,S0038242,PGEN,2025-05-17,2025
C000971,S0035501,PGEN,2025-05-17,2025
C000972,S0034283,PGEN,2025-05-17,2025
C000973,S0030601,PGEN,2025-05-17,2025
C000974,S0026040,PGEN,2025-05-17,2025
C000975,S0033141,PGEN,2025-05-17,2025
C000976,S0005159,PGEN,2025-05-17,2025
C000977,S0033092,PGEN,2025-05-17,2025
C000978,S0039098,PGEN,2025-05-17,2025
C000979,S0023813,PGEN,2025-05-17,2025
C000980,S0039228,PGEN,2025-05-17,2025
C000981,S0018824,PGEN,2025-05-17,2025
C000982,S0011219,PGEN,2025-05-17,2025
C000983,S0036049,PGEN,2025-05-17,2025
C000984,S0023037,PGEN,2025-05-17,2025
C000985,S0031273,PGEN,2025-05-17,2025
C000986,S0018894,PGEN,2025-05-17,2025
C000987,S0032877,PGEN,2025-05-17,2025
C000988,S0016293,PGEN,2025-05-17,2025
C000989,S0016111,PGEN,2025-05-17,2025
C000990,S0029407,PGEN,2025-05-17,2025
C000991,S0026602,PGEN,2025-05-17,2025
C000992,S0033050,PGEN,2025-05-17,2025
C000993,S0014913,PGEN,2025-05-17,2025
C000994,S0015895,PGEN,2025-05-17,2025
C000995,S0035766,PGEN,2025-05-17,2025
C000996,S0012567,PGEN,2025-05-17,2025
C000997,S0031328,PGEN,2025-05-17,2025
C000998,S0040110,PGEN,2025-05-17,2025
C000999,S0035351,PGEN,2025-05-17,2025
C001000,S0028054,PGEN,2025-05-17,2025
C001001,S0016603,PGEN,2025-05-17,2025
C001002,S0029117,PGEN,2025-05-17,2025
C001003,S0038212,PGEN,2025-05-17,2025
C001004,S0038270,PGEN,2025-05-17,2025
C001005,S0035978,PGEN,2025-05-17,2025
C001006,S0022735,PGEN,2025-05-17,2025
C001007,S0033458,PGEN,2025-05-17,2025
C001008,S0039246,PGEN,2025-05-17,2025
C001009,S0037320,PGEN,2025-05-17,2025
C001010,S0007703,PGEN,2025-05-17,2025
C001011,S0039295,PGEN,2025-05-17,2025
C001012,S0038123,PGEN,2025-05-17,2025
C001013,S0040022,PGEN,2025-05-17,2025
C001014,S0039225,PGEN,2025-05-17,2025
C001015,S0011933,PGEN,2025-05-17,2025
C001016,S0040430,PGEN,2025-05-17,2025
C001017,S0033880,PGEN,2025-05-17,2025
C001018,S0036912,PGEN,2025-05-17,2025
C001019,S0027479,PGEN,2025-05-17,2025
C001020,S0022934,PGEN,2025-05-17,2025
C001021,S0033191,PGEN,2025-05-17,2025
C001022,S0028814,PGEN,2025-05-17,2025
C001023,S0036605,PGEN,2025-05-17,2025
C001024,S0036282,PGEN,2025-05-17,2025
C001025,S0019444,PGEN,2025-05-17,2025
C001026,S0037797,PGEN,2025-05-17,2025
C001027,S0007437,PGEN,2025-05-17,2025
C001028,S0032708,PGEN,2025-05-17,2025
C001029,S0023283,PGEN,2025-05-17,2025
C001030,S0038489,PGEN,2025-05-17,2025
C001031,S0017859,PGEN,2025-05-17,2025
C001032,S0008191,PGEN,2025-05-17,2025
C001033,S0033886,PGEN,2025-05-17,2025
C001034,S0029515,PGEN,2025-05-17,2025
C001035,S0034369,PGEN,2025-05-17,2025
C001036,S0007798,PGEN,2025-05-17,2025
C001037,S0033624,PGEN,2025-05-17,2025
C001038,S0023096,PGEN,2025-05-17,2025
C001039,S0026099,PGEN,2025-05-17,2025
C001040,S0009155,PGEN,2025-05-17,2025
C001041,S0038025,PGEN,2025-05-17,2025
C001042,S0034314,PGEN,2025-05-17,2025
C001043,S0038340,PGEN,2025-05-17,2025
C001044,S0022789,PGEN,2025-05-17,2025
C001045,S0040109,PGEN,2025-05-17,2025
C001046,S0037877,PGEN,2025-05-17,2025
C001047,S0032976,PGEN,2025-05-17,2025
C001048,S0003155,PGEN,2025-05-17,2025
C001049,S0037051,PGEN,2025-05-17,2025
C001050,S0033827,PGEN,2025-05-17,2025
C001051,S0018890,PGEN,2025-05-17,2025
C001052,S0025690,PGEN,2025-05-17,2025
C001053,S0007804,PGEN,2025-05-17,2025
C001054,S0038546,PGEN,2025-05-17,2025
C001055,S0027588,PGEN,2025-05-17,2025
C001056,S0010105,PGEN,2025-05-17,2025
